<?xml version="1.0" encoding="UTF-8" standalone="yes"?>
<addon id="plugin.video.passioncitychurch" name="Passion City Church Messages" version="1.0.0" provider-name="gbzygil">
  <requires>
    <import addon="xbmc.python" version="2.1.0"/>
  </requires>
  <extension point="xbmc.python.pluginsource" library="addon.py">
    <provides>video</provides>
  </extension>
  <extension point="xbmc.addon.metadata">
    <language></language>
    <platform>all</platform>
    <summary lang="en">XBMC Addon for Passion City Church weekly messages</summary>
    <description lang="en">This addon shows you weekly message videos from Passioncitychurch.com</description>
  </extension>
</addon>